{
    "name": "nauseous process",
    "points": "150",
    "topics": ["kidz-corner", "reversing"],
    "description": "I've been talking to this obnoxious elf binary, he's super talkative but I think he mentioned he wanted to give you a flag or something.<br>Required reading:<br>- <a href='https://en.wikipedia.org/wiki/Executable_and_Linkable_Format#File_layout'>ELF format</a> <br>- <a href='https://www.technovelty.org/linux/plt-and-got-the-key-to-code-sharing-and-dynamic-libraries.html'>dynamic linking + GOT + PLT</a><br><br><a href='/static/files/nauseous/nauseous.c'>nauseous.c</a><br>nc 184.72.87.9 8005",
    "flag": "flag{man_linux_binaries_are_gr0ss}"
}
