{
    "name": "emoji hunt 2: the microwave",
    "points": "125",
    "topics": ["misc"],
    "description": ":he-brings-you-flag: isn't looking too hot :( maybe you can help the lil' guy out and figure out whats wrong with him?<br>slack wouldn't let me upload this as an emoji so you'll have to live with spamming the OG :he-brings-you-flag:<br><br><img src='/static/files/emoji-hunt-2-the-microwave/hebringsyouflag.png' alt='and he always delivers'>",
    "files": ["hebringsyouflag.png"],
    "flag": "flag{plsstopmicrowavingtheturtles}"
}
