{
    "name": "orakl password checker",
    "points": "100",
    "topics": ["kidz-corner"],
    "description": "I was reading up on password hashes for my new startup, orakl. apparently they're supposed to take a really long time?<br>Required reading:<br>- <a href='https://www.cs.virginia.edu/~evans/cs216/guides/x86.html'>intro to x86</a> + x86_64<br>- basic documentation for a disassembler of your choosing (try Ghidra, or IDA Free)<br><br><a href='/static/files/orakl-password-checker/orakl-password-checker'>orakl-password-checker</a><br>nc 184.72.87.9 8006",
    "flag": "flag{i_wouldve_used_argon2_but_i_didnt_want_to_kill_our_infra}"
}
