{
    "name": "BLOCKchain",
    "categories": ["reversing"],
    "description": "Don't worry about how hot your machine's running, the heat won 't matter when we arrive at the heat death of the universe. That said, you may want to figure out some way to get the flag a little faster than that, considering the CTF won't last until then: ).<br><br><a href='/static/files/BLOCKchain/BLOCKchain'>BLOCKchain</a>",
    "flag": "flag{objc_msgsend_more_like_objc_msg_end_this_please_plus_extra_junk_hahahaahahahahahahahaaaha}",
    "points": 500,
}
