{
    "name": "WannaLaugh",
    "points": "200",
    "topics": ["reversing", "crypto"],
    "description": "Grandpa downloaded a weird program on the Internet and now his files do not work.\n Knowing you're good with computers, he asked for your help.\n\n The program is asking for Bitcoin to get his files back, but his wallet password was encrypted as well.\n\n You will be provided a Docker image containing the mysterious program and the password to his wallet.\n\n Note:\n The program will only encrypt .txt files in the same directory as the executable and won't delete any files so nothing bad should happen?",
    "flag": "flag{D0nT_cRy_n0-M0re}"
}
