{
    "name": "roplon",
    "points": "75",
    "topics": ["kidz-corner"],
    "description": "I THINK that buffer is big enough, right?<br>Required reading:<br>- <a href='https://en.wikipedia.org/wiki/X86_calling_conventions#System_V_AMD64_ABI'>x86_64 calling conventions</a><br>- <a href='https://en.wikipedia.org/wiki/Return-oriented_programming'>Return Oriented Programming</a><br><br><a href='/static/files/roplon/roplon'>roplon</a> <a href='/static/files/roplon/roplon.c'>roplon.c</a><br>nc 184.72.87.9 8007",
    "flag": "flag{dont_ask_me_what_roplon_stands_for}"
}
