{
    "name": "collatzeral damage",
      "description": "I wrote this sick new hashing algorithm that I'm so confident in, i've used it to protect my shiny new flag. I hashed the flag using this script, and stored the flag in an encrypted zip file with the password set as the flag's hash. Good luck trying to break my bulletproof cryptography! I'll even give you a hint - the flag is 33 bytes long.",
      "topics": ["cryptography"],
      "release": "2021-11-19T20:00:00Z",
      "points": 200
}
