{
    "name": "tank! bonus",
    "points": "150",
    "topics": ["exploitation"],
    "description": "alright now do it without the freebie shell function. Here's a libc:<br><br><a href='/static/files/tank-game-bonus/super-sick-tank-game-bonus'>tank-game-bonus</a><br><a href='/static/files/tank-game-bonus/libc.so.6'>libc.so.6</a> <a href='/static/files/tank-game-bonus/libm.so.6'>libm.so.6</a><br>Note: This is just Tank game but without a helpful convenience function. you can technically solve in either order but solving Tank game first will be easier.<br>nc 184.72.87.9 8003",
    "flag": "flag{now_imagine_if_i_made_the_default_ammo_handler_the_specialty_shot}"
}
