{
    "name": "Developer's Hubris",
    "topics": ["web"],
    "release": "2022-11-09T17:00:16Z",
    "description": "You're a new security engineer at the company, and you just found a fairly old, unfinished application running in a staging environment that is exposed to the internet. You bring this up to the developers, since it seems likely that hackers will look for ways to use this application as an entrypoint into the corporate environment. However, they tell you that it's just a basic bug report submission portal, and any dangerous code has been removed or hidden, so it should be safe. See if they left any loose ends that could be used to compromise the entire application<br><br>http://3.220.119.234:4104",
    "flag": "flag{8db7145f70954219ba589a54586710da}",
    "points": 500
}
