{
    "name": "custom_keyboard",
    "points": "300",
    "topics": ["reversing"],
    "description": "I got a sweet deal on this keyboard at a garage sale, but I think whoever used it before me messed with the settings. It came with an instruction manual that just says: `KKPE{FJZBSVNBYWWOKOJIPNWGPGASCVVYPAYLAHTX}`<br><a href='/static/files/custom_keyboard/custom_keyboard.bin'>custom_keyboard.bin</a><br><a href='/static/files/custom_keyboard/datasheet.pdf'>datasheet.pdf</a><br>NOTE: The flag will be in ALL CAPS, like `FLAG{...}`",
    "flag": "FLAG{DIETASTATURISTMACHTIGERALSDASSCHWERT}"
}
